Species,Owner,Country,Farm.Name,Lot.Number
Arabica,metad plc,Ethiopia,metad plc,
Arabica,metad plc,Ethiopia,metad plc,
Arabica,grounds for health admin,Guatemala,"san marcos barrancas ""san cristobal cuch",
Arabica,yidnekachew dabessa,Ethiopia,yidnekachew dabessa coffee plantation,
Arabica,metad plc,Ethiopia,metad plc,
Arabica,ji-ae ahn,Brazil,,
Arabica,hugo valdivia,Peru,,
Arabica,ethiopia commodity exchange,Ethiopia,aolme,
Arabica,ethiopia commodity exchange,Ethiopia,aolme,
Arabica,diamond enterprise plc,Ethiopia,tulla coffee farm,
Arabica,mohammed lalo,Ethiopia,fahem coffee plantation,
Arabica,cqi q coffee sample representative,United States,el filo,
Arabica,cqi q coffee sample representative,United States,los cedros,
Arabica,grounds for health admin,United States (Hawaii),arianna farms,
Arabica,ethiopia commodity exchange,Ethiopia,aolme,
Arabica,cqi q coffee sample representative,United States,el ??guila,
Arabica,grounds for health admin,Indonesia,toarco jaya,
Arabica,ethiopia commodity exchange,Ethiopia,,
Arabica,yunnan coffee exchange,China,echo coffee,YNC-06114
Arabica,essencecoffee,Ethiopia,drima zede,
Arabica,cqi q coffee sample representative,United States,el rodeo,
Arabica,the coffee source inc.,Costa Rica,several,
Arabica,roberto licona franco,Mexico,la herradura,
Arabica,cqi q coffee sample representative,United States,la curva,
Arabica,ji-ae ahn,Ethiopia,,
Arabica,nucoffee,Brazil,fazenda kaquend,
Arabica,ethiopia commodity exchange,Ethiopia,,
Arabica,kabum trading company,Uganda,chebonet (23) women coffee,
Arabica,bismarck castro,Honduras,los hicaques,102
Arabica,"lin, che-hao krude ?????????",Taiwan,tsoustructive garden ?????????,Tsoustructive 2015 Sumatra Typica
Arabica,nora zeas,Nicaragua,,
Arabica,specialty coffee-korea,"Tanzania, United Republic Of",,
Arabica,nucoffee,Brazil,fazenda recreio,
Arabica,francisco a mena,Costa Rica,exclusive coffees s.a.,
Arabica,hider abamecha,Ethiopia,haider abamecha coffee plantation,
Arabica,daniel magu,Kenya,kangunu,
Arabica,kona pacific farmers cooperative,United States (Hawaii),,
Arabica,kona pacific farmers cooperative,United States (Hawaii),kona pacific farmers cooperative,
Arabica,ethiopia commodity exchange,Ethiopia,"phone number | 0911-51-08-01, email | at",
Arabica,cqi q coffee sample representative,United States,la primavera,
Arabica,itdp international,Thailand,co-op #12,
Arabica,jacques pereira carneiro,Brazil,pereira estate coffee,
Arabica,jacques pereira carneiro,Brazil,pereira estate coffee,
Arabica,"lin, che-hao krude ?????????",Taiwan,sunshine valley estate ??????????????????,
Arabica,jungle estate,Kenya,jungle estate,
Arabica,nucoffee,Brazil,fazenda kaquend,
Arabica,great lakes coffee uganda,Uganda,kaasayi,
Arabica,lusso lab,Colombia,ecobio colombia,
Arabica,lusso lab,Kenya,kianjavi,
Arabica,afca,Uganda,,
Arabica,ethiopia commodity exchange,Ethiopia,contact | sidacoop@ethionet.net,
Arabica,grounds for health admin,United States (Hawaii),hula daddy kona coffee,
Arabica,juan luis alvarado romero,Guatemala,la esperanza y anexos,11/23/0252
Arabica,kawacom uganda ltd,Uganda,sipi organic coffee project,
Arabica,exportadora de cafe condor s.a,Colombia,,
Arabica,gonzalo hernandez,Panama,la berlina estate,Baby Geisha Washed
Arabica,ibrahim hussien speciality coffee producer &export,Ethiopia,,
Arabica,juan luis alvarado romero,Guatemala,valparaiso,
Arabica,juan luis alvarado romero,Guatemala,finca el limon,
Arabica,seid damtew coffee planataion,Ethiopia,seid damtew coffee planation,320
Arabica,dane loraas,Peru,,
Arabica,"colbran coffeelands, ltd.",Papua New Guinea,tairora cherry ??? bonta,
Arabica,atlantic specialty coffee,El Salvador,el majahual,
Arabica,lusso lab,El Salvador,finca la esmeralda,
Arabica,kona pacific farmers cooperative,United States (Hawaii),,
Arabica,essencecoffee,Panama,elida estate,
Arabica,essencecoffee,Kenya,inoi,
Arabica,assefa belay coffee producer,Ethiopia,,
Arabica,kyagalanyi ltd,Uganda,buginyanya,
Arabica,juan luis alvarado romero,Guatemala,asoperc,
Arabica,assefa belay coffee producer,Ethiopia,,
Arabica,great lakes coffee uganda,Uganda,chesiyo farmer group,
Arabica,kona pacific farmers cooperative,United States (Hawaii),,
Arabica,nucoffee,Brazil,fazenda serra de tr??s barras,
Arabica,grounds for health admin,El Salvador,sierra nevada,
Arabica,yunnan coffee exchange,China,pu'er city longke coffee co.ltd,YNC-16115
Arabica,essencecoffee,Guatemala,el injerto s.a.,
Arabica,the coffee source inc.,Costa Rica,several,
Arabica,the coffee source inc.,Costa Rica,several,
Arabica,rashid moledina & co. (msa) ltd.,Kenya,,
Arabica,ibero kenya limited,Kenya,,
Arabica,ethiopia commodity exchange,Ethiopia,phone number | 0911-513824 email: gmt.ft,
Arabica,ethiopia commodity exchange,Ethiopia,,
Arabica,juan luis alvarado romero,Guatemala,la esperanza y anexos,11/23/0177
Arabica,exportadora de cafe condor s.a,Colombia,various,
Arabica,compa??ia colombiana agroindustrial s.a,Colombia,,
Arabica,"nomura trading co., ltd.",Indonesia,,
Arabica,the coffee source inc.,Guatemala,coop. hoja blanca - fedecocagua,
Arabica,seid damtew coffee planataion,Ethiopia,seid damtew coffee planation,
Arabica,carcafe ltda ci,Colombia,,
Arabica,steven kil,Ethiopia,aricha coop,
Arabica,eileen koyanagi,United States (Hawaii),,
Arabica,carcafe ltda ci,Colombia,,
Arabica,kona pacific farmers cooperative,United States (Hawaii),,
Arabica,ethiopia commodity exchange,Ethiopia,,
Arabica,kona pacific farmers cooperative,United States (Hawaii),kona pacific farmers cooperative,
Arabica,kyagalanyi coffee ltd,Uganda,mount elgon area,6133
Arabica,racafe & cia s.c.a,Colombia,,3-37-1829
Arabica,troy quimby,Costa Rica,estate la patricia,LP-C211-180
Arabica,"el equimite, cafetal biodin??mico",Mexico,various,Mezcla Veracruz 01
Arabica,simon mahinda,Kenya,,CN 11462 AA
Arabica,rashid moledina & co. (msa) ltd.,Kenya,machure estate,
Arabica,nucoffee,Brazil,sit??o s??o geraldo,
Arabica,young kim,Mexico,kassandra,
Arabica,kona pacific farmers cooperative,United States (Hawaii),kona pacific farmers cooperative,
Arabica,carl walker,Guatemala,la igualdad,
Arabica,racafe & cia s.c.a,Colombia,,3-37-0277
Arabica,racafe & cia s.c.a,Colombia,,
Arabica,"lin, che-hao krude ?????????",Taiwan,baishengcun coffee ?????????????????????,
Arabica,taylor winch (t) ltd,"Tanzania, United Republic Of",hasambo amcos,
Arabica,racafe & cia s.c.a,Colombia,,
Arabica,artemio zapata tejeda,Mexico,el suspiro,
Arabica,nucoffee,Brazil,fazenda grota funda,
Arabica,nucoffee,Brazil,sitio claro,
Arabica,brian speckman,Kenya,,
Arabica,"lin, che-hao krude ?????????",Taiwan,shi fang yuan ?????????,2016 Tainan Coffee Cupping Event Micro Lot ???????????????????????????
Arabica,kawacom uganda ltd,Uganda,mt.elgon bugisu shamba 2,
Arabica,kona pacific farmers cooperative,United States (Hawaii),,
Arabica,ethiopia commodity exchange,Ethiopia,contact | sidacoop@ethionet.net,
Arabica,philip schluter,Ethiopia,contact | sidacoop@ethionet.net,
Arabica,???????????? koju matsuzawa,Thailand,matsuzawa coffee,MCTFHMG15/16
Arabica,lydiah mwangi,Kenya,karatina,
Arabica,cadexsa,Honduras,cerro bueno,
Arabica,the coffee source inc.,El Salvador,several,
Arabica,grounds for health admin,Nicaragua,santa martha,
Arabica,consejo salvadore??o del caf??,El Salvador,monterrey,???-71
Arabica,sanjava coffee,Indonesia,sran temanggung plantation,1
Arabica,???????????? koju matsuzawa,Japan,ada farm,MCRKPBG 15/16
Arabica,rodrigo soto,Costa Rica,rio jorco,Tarrazu
Arabica,juan luis alvarado romero,Guatemala,san diego buena vista,11/08/0109
Arabica,fabian calderon mora,Costa Rica,coopetarraz??,
Arabica,essencecoffee,Ethiopia,moplaco,
Arabica,essencecoffee,Costa Rica,finca salaca las brisas,
Arabica,eric thormaehlen,Costa Rica,various,
Arabica,rob tuttle,Costa Rica,,
Arabica,cqi taiwan icp cqi??????????????????,Taiwan,dragon ?????????,
Arabica,compa??ia colombiana agroindustrial s.a,Colombia,,
Arabica,dream together,Kenya,,
Arabica,juan luis alvarado romero,Guatemala,agropecuaria quiagral,
Arabica,juan luis alvarado romero,Guatemala,valparaiso,
Arabica,organizaciones de productores de cafe colimense,Mexico,"el nogal, la higuera, los laureles",
Arabica,afca,Uganda,,
Arabica,benjamin schmerler,Peru,,
Arabica,ethiopia commodity exchange,Ethiopia,contact | sidacoop@ethionet.net,
Arabica,jungle estate,Kenya,jungle estate,10NG0093
Arabica,racafe & cia s.c.a,Colombia,,3-37-1724
Arabica,racafe & cia s.c.a,Colombia,,3-37-1291
Arabica,daniel magu,Kenya,blend,
Arabica,juan luis alvarado romero,Guatemala,el morito,
Arabica,juan luis alvarado romero,Guatemala,el papaturro,
Arabica,compa??ia colombiana agroindustrial s.a,Colombia,,
Arabica,racafe & cia s.c.a,Colombia,,
Arabica,taylor winch (coffee) ltd.,Kenya,,
Arabica,exportadora de cafe condor s.a,Colombia,,
Arabica,lusso lab,Costa Rica,la chaparral,
Arabica,exportadora de cafe condor s.a,Colombia,various,
Arabica,nucoffee,Brazil,fazenda recreio,
Arabica,nucoffee,Brazil,fazenda vista alegre,
Arabica,max gurdian,Costa Rica,,S015.367
Arabica,ecom japan limited,Uganda,kawacom sipi project,035/170/5071146????????????
Arabica,yunnan coffee exchange,China,menglian ban???an coffee processing factory,YNC-16018
Arabica,fabian calderon mora,Costa Rica,coopetarraz??,
Arabica,federacion nacional de cafeteros,Colombia,,
Arabica,eric wu,China,"puer jiangcheng fuwang coffee biotechnology co., ltd",
Arabica,juan luis alvarado romero,Guatemala,el sacramento,
Arabica,dream together,Kenya,rumukia farmers,
Arabica,maria imelda uscanga martinez,Mexico,la barranca,
Arabica,alfredo bojalil,Mexico,finca el retiro,
Arabica,juan luis alvarado romero,Guatemala,nueva granada,
Arabica,daniel friedlander,Brazil,,
Arabica,alexandra katona-carroll,Brazil,,
Arabica,max gurdian,Costa Rica,several farmers,5-0015-0231
Arabica,aulia arif syahri,Indonesia,darmawi,MANDHELING BRASTAGI
Arabica,carcafe ltda ci,Colombia,,3-59-0318
Arabica,racafe & cia s.c.a,Colombia,,
Arabica,kao ming lee,Taiwan,tropica galliard,
Arabica,kona pacific farmers cooperative,United States (Hawaii),,
Arabica,maria amalia guadalupe toriello elorza,Mexico,finca la chiripa,
Arabica,ethiopia commodity exchange,Ethiopia,phone number | 0911-513824 email: gmt.ft,
Arabica,lydiah mwangi,Kenya,kigwandi,K25159
Arabica,bismarck castro,Honduras,las cuchillas,152
Arabica,ra??l vargas,Colombia,,1
Arabica,bismarck castro,Honduras,los hicaques,76
Arabica,racafe & cia s.c.a,Colombia,,3-37-1704
Arabica,carcafe ltda ci,Colombia,,
Arabica,exportadora de cafe condor s.a,Colombia,,
Arabica,victor hugo melchor cordova,Mexico,la distancia,
Arabica,nucoffee,Brazil,santa alina,
Arabica,nucoffee,Brazil,fazenda baipendi,
Arabica,benjamin schmerler,Ethiopia,,
Arabica,the coffee source inc.,Guatemala,las minas,
Arabica,"lin, che-hao krude ?????????",Taiwan,???????????? good mood coffee,2017?????????????????? NANTOU COFFEE EVALUATION EVENT 2017
Arabica,???????????? koju matsuzawa,Thailand,matsuzawa coffee,MCCRNX115/16
Arabica,carcafe ltda ci,Colombia,,3-59-3461
Arabica,juan luis alvarado romero,Guatemala,finca medina,11/11711/59
Arabica,juan luis alvarado romero,Guatemala,finca san vicente,11/52/709
Arabica,yunnan coffee exchange,China,menglian county nayun town mangzhang coffee farm,YNC-16017
Arabica,racafe & cia s.c.a,Colombia,,
Arabica,racafe & cia s.c.a,Colombia,,
Arabica,federacion nacional de cafeteros,Colombia,,
Arabica,carcafe ltda ci,Colombia,,
Arabica,tembo coffee company ltd,"Tanzania, United Republic Of",jacksom mwasenga,
Arabica,taylor winch (t) ltd,"Tanzania, United Republic Of",suma jkt itende,
Arabica,juan luis alvarado romero,Guatemala,el papaturro,
Arabica,exportadora de cafe condor s.a,Colombia,,
Arabica,kona pacific farmers cooperative,United States (Hawaii),,
Arabica,jesus salazar velasco,Mexico,pante carajillo,
Arabica,manuel herrera juarez,Mexico,finca los barreales,
Arabica,alfredo bojalil,Mexico,finca santa teresa,
Arabica,afca,Uganda,,
Arabica,juan luis alvarado romero,Guatemala,piamonte,11/23/0365
Arabica,racafe & cia s.c.a,Colombia,,3-37-3825
Arabica,wayner jimenez,Costa Rica,los girasoles,EC-1180
Arabica,juan luis alvarado romero,Guatemala,finca la joya,11/52/1170
Arabica,juan luis alvarado romero,Guatemala,santo tomas pachuj,11/752/01
Arabica,juan luis alvarado romero,Guatemala,chapultepec,11/23/0335
Arabica,racafe & cia s.c.a,Colombia,,
Arabica,cooperativa el gorrion r.l,Nicaragua,las nubes,
Arabica,cafebras,Brazil,pantano,
Arabica,"ceca, s.a.",Costa Rica,gamboa,
Arabica,asefa dukamo keroma,Ethiopia,asefa dukamo coffee plantation,
Arabica,selian coffee estate,"Tanzania, United Republic Of",selian coffee estate,
Arabica,olam agro colombia,Colombia,,
Arabica,chris finch,Guatemala,,
Arabica,itochu corporation,Kenya,,
Arabica,owen carver,Brazil,caf?? do para??so,
Arabica,juan luis alvarado romero,Guatemala,la union monte verde,
Arabica,atlantic specialty coffee,El Salvador,el majahual,
Arabica,exportadora de cafe condor s.a,Colombia,,
Arabica,juan luis alvarado romero,Guatemala,el limon,
Arabica,afca,Uganda,,
Arabica,pt.royal pacific indah international,Indonesia,"mus, eman",1
Arabica,carcafe ltda ci,Colombia,,3-59-0503
Arabica,"lin, che-hao krude ?????????",Taiwan,chang yu liang ?????????,2016 Tainan Coffee Cupping Event Micro Lot ???????????????????????????
Arabica,juan luis alvarado romero,Guatemala,la esperanza y anexos,11/23/0178
Arabica,racafe & cia s.c.a,Colombia,,
Arabica,lusso lab,Guatemala,aprocafi,
Arabica,kona pacific farmers cooperative,United States (Hawaii),,
Arabica,andres martinez leon,Mexico,la lagunilla,
Arabica,steven kil,Ethiopia,,
Arabica,amanda powers,Costa Rica,,CR-3
Arabica,kyagalanyi coffee ltd,Ethiopia,kerchanshe,S3/01/2017
Arabica,bismarck castro,Honduras,las cuchillas,96
Arabica,juan luis alvarado romero,Guatemala,finca los cerros y anexos,
Arabica,olam agro colombia,Colombia,,
Arabica,juan luis alvarado romero,Guatemala,el papaturro,
Arabica,juan luis alvarado romero,Guatemala,el papaturro,
Arabica,olam agro colombia,Colombia,,
Arabica,compa??ia colombiana agroindustrial s.a,Colombia,,
Arabica,racafe & cia s.c.a,Colombia,,
Arabica,lusso lab,Ethiopia,,
Arabica,ipanema coffees,Brazil,fazenda rio verde,
Arabica,exportadora de cafe condor s.a,Colombia,,
Arabica,ibero kenya limited,Kenya,,
Arabica,doi tung development project,Thailand,doi tung development project,
Arabica,taylor winch (coffee) ltd.,Kenya,-,
Arabica,afca,Uganda,,
Arabica,doi tung development project,Thailand,doi tung development project,
Arabica,ipanema coffees,Brazil,fazenda capoeirnha,019/17
Arabica,cafes tomari sa de cv,Mexico,cafetal,101
Arabica,sarawut premjit,Thailand,saveg coffee farm,INT-2015
Arabica,ipanema coffees,Brazil,capoeirinha,007/16E
Arabica,"lin, che-hao krude ?????????",Taiwan,tsoustructive garden ?????????,Tsoustructive 2015 Typica
Arabica,carcafe ltda ci,Colombia,,3-59-1772
Arabica,almacafe,Colombia,,3-37-1606
Arabica,cqi taiwan icp cqi??????????????????,Taiwan,very famous intl.????????????????????????????????????,
Arabica,federacion nacional de cafeteros,Colombia,,
Arabica,federacion nacional de cafeteros,Colombia,,
Arabica,racafe & cia s.c.a,Colombia,,
Arabica,cqi taiwan icp cqi??????????????????,Taiwan,???????????????,
Arabica,compa??ia colombiana agroindustrial s.a,Colombia,,
Arabica,oscar ortega carballo,Mexico,finca cuetzalingo,
Arabica,alfredo bojalil,Mexico,finca sant rosa,
Arabica,organizaciones de productores de cafe colimense,Mexico,comunidad la yerbabuena,
Arabica,carcafe ltda ci,Colombia,,3-59-2888
Arabica,racafe & cia s.c.a,Colombia,,3-37-2112
Arabica,"ceca, s.a.",Costa Rica,gamboa,8039
Arabica,juan luis alvarado romero,Guatemala,finca medina,11/11711/60
Arabica,cqi taiwan icp cqi??????????????????,Taiwan,??????????????????????????????yuyupas international corp.,1
Arabica,ipanema coffees,Brazil,rio verde,
Arabica,"lin, che-hao krude ?????????",Taiwan,???????????? hometown coffee,
Arabica,yasmin cofffee plantation plc,Ethiopia,,
Arabica,ipanema coffees,Brazil,rio verde,
Arabica,eric thormaehlen,Costa Rica,various,
Arabica,juan luis alvarado romero,Guatemala,el papaturro,
Arabica,ipanema coffees,Brazil,fazenda rio verde,
Arabica,garet alban,Ecuador,finca el trueno,
Arabica,exportadora de cafe condor s.a,Colombia,,
Arabica,juan luis alvarado romero,Guatemala,finca el morito,
Arabica,filemon mendoza campos,Mexico,predio ca??ada del encino,
Arabica,alfredo bojalil,Mexico,finca santa teresa,
Arabica,jacques pereira carneiro,Brazil,fazenda do sertao,
Arabica,doi chaang coffee company,Thailand,"doi chaang coffee original co.,ltd",
Arabica,doi tung development project,Thailand,doi tung development project,
Arabica,ethiopia commodity exchange,Ethiopia,"phone number | 0911-51-08-01, email | at",
Arabica,kennedy macharia,Kenya,,sc 9693
Arabica,ipanema coffees,Brazil,fazenda capoeirnha,019/17
Arabica,carcafe ltda ci,Colombia,,3-59-0075
Arabica,"lin, che-hao krude ?????????",Taiwan,?????????????????? (kan tou mountain coffee),2017????????????????????????????????? Specialty Coffee Evaluation of Tainan 2017
Arabica,racafe & cia s.c.a,Colombia,,3-37-1510
Arabica,yunnan coffee exchange,China,pu???er specialty coffee cupping center,YNC-16063
Arabica,carcafe ltda ci,Colombia,,
Arabica,nile highland arabica coffee farmers,Uganda,erussi farmers group,
Arabica,german negron,United States (Puerto Rico),hacienda caracolillo,
Arabica,racafe & cia s.c.a,Colombia,,
Arabica,olam agro colombia,Colombia,,
Arabica,exportadora de cafe condor s.a,Colombia,,
Arabica,exportadora de cafe condor s.a,Colombia,,
Arabica,kona pacific farmers cooperative,United States (Hawaii),,
Arabica,saul m. hernandez ramirez,Mexico,naranjal,
Arabica,the coffee source inc.,Guatemala,several farms,
Arabica,carcafe ltda ci,Colombia,,
Arabica,exportadora de cafe condor s.a,Colombia,,
Arabica,kona pacific farmers cooperative,United States (Hawaii),,
Arabica,ipanema coffees,Brazil,fazenda capoeirnha,020/17
Arabica,kennedy macharia,Kenya,,SC 9634
Arabica,bismarck castro,Honduras,los hicaques,103
Arabica,"comercial internacional exportadora, s.a.",Nicaragua,santa matilde,606118 / K1730101
Arabica,ipanema coffees,Brazil,capoeirinha,008/16A
Arabica,"lin, che-hao krude ?????????",Taiwan,tsoustructive garden ?????????,Tsoustructive 2015 Caturra
Arabica,"ceca, s.a.",Costa Rica,,8062-1
Arabica,doi tung development project,Thailand,,
Arabica,rob stephen,Colombia,,
Arabica,juan luis alvarado romero,Guatemala,finca las cuevitas,
Arabica,exportadora de cafe condor s.a,Colombia,various,
Arabica,racafe & cia s.c.a,Colombia,,
Arabica,juan luis alvarado romero,Guatemala,la union monte verde,
Arabica,juan luis alvarado romero,Guatemala,el sacramento,
Arabica,exportadora de cafe condor s.a,Colombia,,
Arabica,the coffee source inc.,Guatemala,finca quequesquez,
Arabica,juan luis alvarado romero,Guatemala,agropecuaria quiagral,
Arabica,juan luis ortega carballo,Mexico,finca apoxtla,
Arabica,ekai international company ltd.,Indonesia,"ijen highland, east java",
Arabica,juan luis alvarado romero,Guatemala,finca medina,
Arabica,kona pacific farmers cooperative,United States (Hawaii),,
Arabica,ipanema coffees,Brazil,fazenda capoeirnha,020/17
Arabica,juan luis alvarado romero,Guatemala,finca santa clara,11/52/1170
Arabica,racafe & cia s.c.a,Colombia,,3-37-2548
Arabica,yunnan coffee exchange,China,menglian mang pan professional cooperative,YNC-16029
Arabica,racafe & cia s.c.a,Colombia,,
Arabica,andreas kussmaul,Mexico,exportadora caf?? california,
Arabica,essencecoffee,Ethiopia,lomi tasha,
Arabica,bulamburi coffee farmers association,Uganda,bulamburi coffee farmers,
Arabica,compa??ia colombiana agroindustrial s.a,Colombia,,
Arabica,compa??ia colombiana agroindustrial s.a,Colombia,,
Arabica,compa??ia colombiana agroindustrial s.a,Colombia,,
Arabica,cqi taiwan icp cqi??????????????????,Taiwan,dragon coffee ?????????,
Arabica,racafe & cia s.c.a,Colombia,,
Arabica,alfredo bojalil,Mexico,ojo de agua,
Arabica,carcafe ltda ci,Colombia,,
Arabica,nucoffee,Brazil,fazenda jeric??,
Arabica,carcafe ltda ci,Colombia,,3-59-1695
Arabica,cqi taiwan icp cqi??????????????????,Taiwan,????????????????????????????????????63-1???,2
Arabica,"ceca, s.a.",Costa Rica,,8038
Arabica,carcafe ltda ci,Colombia,,3-59-1919
Arabica,juan luis alvarado romero,Guatemala,la esperanza,11/23/0145
Arabica,racafe & cia s.c.a,Colombia,,
Arabica,damari absalome,"Tanzania, United Republic Of",ano family,
Arabica,aulia arif syahri,Indonesia,yusrin,
Arabica,debesa agro industry plc,Ethiopia,,
Arabica,federacion nacional de cafeteros,Colombia,,
Arabica,exportadora de cafe condor s.a,Colombia,,
Arabica,the coffee source inc.,Guatemala,several,
Arabica,compa??ia colombiana agroindustrial s.a,Colombia,,
Arabica,,Honduras,los hicaques,
Arabica,exportadora de cafe condor s.a,Colombia,,
Arabica,exportadora de cafe condor s.a,Colombia,,
Arabica,manuel herrera juarez,Mexico,finca los barreales 1112lban,
Arabica,miguel cortes moreno,Mexico,,
Arabica,gabriel bernardo rivas ross,Mexico,la corralera,
Arabica,juan luis alvarado romero,Guatemala,santo tomas pachuj,
Arabica,racafe & cia s.c.a,Colombia,,
Arabica,felipe isaza,Guatemala,conquista / morito,
Arabica,kona pacific farmers cooperative,United States (Hawaii),,
Arabica,specialty coffee association of indonesia,Indonesia,pancoer angkrek,
Arabica,carcafe ltda ci,Colombia,,3-59-0504
Arabica,juan luis alvarado romero,Guatemala,piamonte,11/23/0696
Arabica,carcafe ltda ci,Colombia,,3-59-2318
Arabica,"ceca, s.a.",Costa Rica,gamboa,8885
Arabica,cqi taiwan icp cqi??????????????????,Taiwan,?????????????????????,1
Arabica,bugisu cooperative union,Uganda,bulago & buginyanya,5055
Arabica,???????????? koju matsuzawa,Thailand,matsuzawa coffee,MCCFWXA15/16
Arabica,consejo salvadore??o del caf??,El Salvador,la joya,73
Arabica,carcafe ltda ci,Colombia,,
Arabica,bourbon specialty coffees,Brazil,cachoeira da grama farm,
Arabica,ngila estate ltd,"Tanzania, United Republic Of",ngila estate,
Arabica,compa??ia colombiana agroindustrial s.a,Colombia,,
Arabica,juan luis alvarado romero,Guatemala,el papaturro,
Arabica,juan luis alvarado romero,Guatemala,finca medina,
Arabica,juan luis alvarado romero,Guatemala,el morito,
Arabica,kona pacific farmers cooperative,United States (Hawaii),,
Arabica,exportadora de cafe condor s.a,Colombia,various,
Arabica,federacion nacional de cafeteros,Colombia,,
Arabica,kona pacific farmers cooperative,United States (Hawaii),kona pacific farmers cooperative,
Arabica,doi tung development project,Thailand,doi tung development project,
Arabica,grounds for health admin,Mexico,,
Arabica,exportadora de cafe condor s.a,Colombia,various,68-0054
Arabica,racafe & cia s.c.a,Colombia,,3-37-3729
Arabica,racafe & cia s.c.a,Colombia,,3-37-2623
Arabica,ipanema coffees,Brazil,rio verde,
Arabica,andreas kussmaul,Mexico,ecc,
Arabica,exportadora de cafe condor s.a,Colombia,various,
Arabica,afca,"Tanzania, United Republic Of",mondul coffee estate,
Arabica,j.andrade,Mexico,el pino,
Arabica,the coffee source inc.,Costa Rica,several,
Arabica,eileen koyanagi,United States (Hawaii),,
Arabica,eric thormaehlen,Costa Rica,several,
Arabica,dane loraas,Peru,,
Arabica,itiah coffee llc,Haiti,marre blanche,
Arabica,carcafe ltda ci,Colombia,,
Arabica,juan luis alvarado romero,Guatemala,el sacramento,
Arabica,kona pacific farmers cooperative,United States (Hawaii),,
Arabica,steven kil,Burundi,sogestal kayanza,
Arabica,exportadora de cafe condor s.a,Colombia,,
Arabica,kona pacific farmers cooperative,United States (Hawaii),,
Arabica,kona pacific farmers cooperative,United States (Hawaii),,
Arabica,cafe de don balbino s.c. de r.l. de c.v.,Mexico,corta pico,2016-2017-1
Arabica,troy quimby,Costa Rica,estate la patricia,LP-C211-181
Arabica,rodrigo soto,Costa Rica,coopellanobonito,s16292
Arabica,juan luis alvarado romero,Guatemala,linda vista,11-973-152
Arabica,kawacom uganda ltd,Uganda,kawacom uganda ltd sipi farmers group,035/170/5061178
Arabica,bourbon specialty coffees,Brazil,,43102245 - P4615
Arabica,carcafe ltda ci,Colombia,,
Arabica,productos y servicios chilindron s.a. de c.v.,Mexico,los charcos,
Arabica,"lin, che-hao krude ?????????",Taiwan,sunshine valley estate ??????????????????,
Arabica,cqi taiwan icp cqi??????????????????,Taiwan,????????????,
Arabica,compa??ia colombiana agroindustrial s.a,Colombia,,
Arabica,juan luis alvarado romero,Guatemala,finca medina,
Arabica,exportadora de cafe condor s.a,Colombia,,
Arabica,calixto guillen vazquez,Mexico,various,
Arabica,kona pacific farmers cooperative,United States (Hawaii),,
Arabica,ernesto rodriguez luna,Mexico,finca teocelo,
Arabica,modesto landeros flores,Mexico,mata larga,
Arabica,juan luis alvarado romero,Guatemala,agropecuaria quiagral,
Arabica,nucoffee,Brazil,??gua limpa,
Arabica,exportadora de cafe condor s.a,Colombia,,
Arabica,racafe & cia s.c.a,Colombia,,
Arabica,exportadora de cafe condor s.a,Colombia,,
Arabica,exportadora de cafe condor s.a,Colombia,,
Arabica,exportadora de cafe condor s.a,Colombia,,
Arabica,ipanema coffees,Brazil,fazenda capoeirnha,019/17
Arabica,juan luis alvarado romero,Guatemala,beneficio el torreon,11/23/0673
Arabica,taylor winch (t) ltd,"Tanzania, United Republic Of",mamsera,AA
Arabica,andrea bernal,Peru,,1
Arabica,"sunvirtue co., ltd.",Vietnam,apollo estate,Oriental Paris Natural Coffee
Arabica,juan luis alvarado romero,Guatemala,finca medina,11/11711/58
Arabica,cadexsa,Honduras,bethel,427
Arabica,yunnan coffee exchange,China,chen lin,YNC-16056
Arabica,yunnan coffee exchange,China,yunnan success trade co.ltd,YNC-16028
Arabica,consejo salvadore??o del caf??,El Salvador,agua caliente,1
Arabica,juan luis alvarado romero,Guatemala,finca medina,
Arabica,juan luis alvarado romero,Guatemala,"la esperanza, margarita nuyes",
Arabica,taylor winch (coffee) ltd.,Kenya,,
Arabica,doi tung development project,Thailand,,
Arabica,tutunze kahawa ltd,"Tanzania, United Republic Of",myanganyanga,
Arabica,racafe & cia s.c.a,Colombia,,
Arabica,kabum trading company,Uganda,kaptanya,
Arabica,cafe politico,Colombia,unkown,
Arabica,mayra yessenia torres,Honduras,el cerron,
Arabica,,Honduras,los hicaques,
Arabica,juan luis alvarado romero,Guatemala,nueva granada,
Arabica,eileen koyanagi,United States (Hawaii),,
Arabica,balam hinyula,"Tanzania, United Republic Of",,
Arabica,juan luis alvarado romero,Guatemala,finca el morito,
Arabica,nestor mendez gomez,Mexico,santa cecilia,
Arabica,saul m. hernandez ramirez,Mexico,tlapacoya,
Arabica,saul m. hernandez ramirez,Mexico,la loma,
Arabica,racafe & cia s.c.a,Colombia,,
Arabica,fernando mendoza aparicio,Mexico,el mirador,
Arabica,exportadora de cafe condor s.a,Colombia,,
Arabica,alfredo bojalil,Mexico,finca nueva linda,
Arabica,nucoffee,Brazil,campo das flores,
Arabica,nucoffee,Brazil,s??o francisco da serra,
Arabica,felipe isaza,Guatemala,conquista / morito,
Arabica,nucoffee,Brazil,fazenda do lobo,
Arabica,nucoffee,Brazil,olhos d'agua,
Arabica,the coffee source inc.,El Salvador,several,
Arabica,ethiopia commodity exchange,Ethiopia,tega and tula special coffee farm,
Arabica,carcafe ltda ci,Colombia,,3-59-1694
Arabica,racafe & cia s.c.a,Colombia,,3-37-0278
Arabica,ipanema coffees,Brazil,capoeirinha,261/15
Arabica,ipanema coffees,Brazil,rio verde,
Arabica,"lin, che-hao krude ?????????",Taiwan,kan tou mountain coffee ??????????????????,
Arabica,bourbon specialty coffees,Brazil,,
Arabica,ipanema coffees,Brazil,rio verde,
Arabica,eric thormaehlen,Costa Rica,various,
Arabica,eileen koyanagi,United States (Hawaii),,
Arabica,cqi taiwan icp cqi??????????????????,Taiwan,alishan zou zhu yuan ??????????????????,
Arabica,kona pacific farmers cooperative,United States (Hawaii),,
Arabica,maria luisa del carmen rojas narvaez,Mexico,santa maria,
Arabica,kona pacific farmers cooperative,United States (Hawaii),,
Arabica,kona pacific farmers cooperative,United States (Hawaii),,
Arabica,racafe & cia s.c.a,Colombia,,
Arabica,exportadora de cafe condor s.a,Colombia,,
Arabica,specialty coffee association of indonesia,Indonesia,lintong nihuta,
Arabica,chris finch,Guatemala,,
Arabica,ipanema coffees,Brazil,fazenda capoeirnha,020/17
Arabica,ipanema coffees,Brazil,fazenda capoeirnha,007/16A
Arabica,ipanema coffees,Brazil,capoeirinha,007/16F
Arabica,ucfa,Uganda,isule farmers group,201501
Arabica,ucfa,Uganda,ibanda farmers group,201502
Arabica,carcafe ltda ci,Colombia,,3-59-1773
Arabica,"sunvirtue co., ltd.",Vietnam,apollo estate,
Arabica,juan luis alvarado romero,Guatemala,el chile,
Arabica,juan luis alvarado romero,Guatemala,nueva granada,
Arabica,juan luis alvarado romero,Guatemala,finca medina,
Arabica,irene alves santos,Brazil,fazenda santo antonio,
Arabica,cqi taiwan icp cqi??????????????????,Taiwan,?????????,
Arabica,star cafe ltd,Uganda,kabeywa county,
Arabica,german negron,United States (Puerto Rico),hacienda caracolillo,
Arabica,juan luis alvarado romero,Guatemala,grupo medina (peque??os productores),
Arabica,eric thormaehlen,Costa Rica,several,
Arabica,jacques pereira carneiro,Brazil,sertao farm,
Arabica,racafe & cia s.c.a,Colombia,,
Arabica,exportadora de cafe condor s.a,Colombia,,
Arabica,carcafe ltda ci,Colombia,,
Arabica,carcafe ltda ci,Colombia,,
Arabica,racafe & cia s.c.a,Colombia,,
Arabica,rosa aurora falcon fernandez,Mexico,vegas,
Arabica,santiago solis ayerdi,Mexico,finca la estancia,
Arabica,alfredo bojalil,Mexico,las lomas,
Arabica,exportadora de cafe condor s.a,Colombia,,
Arabica,exportadora de cafe condor s.a,Colombia,various,
Arabica,exportadora de cafe condor s.a,Colombia,,
Arabica,juan luis alvarado romero,Guatemala,la igualdad,
Arabica,racafe & cia s.c.a,Colombia,,
Arabica,doi tung development project,Thailand,doi tung development project,
Arabica,racafe & cia s.c.a,Colombia,,
Arabica,kona pacific farmers cooperative,United States (Hawaii),,
Arabica,kona pacific farmers cooperative,United States (Hawaii),,
Arabica,exportadora de cafe condor s.a,Colombia,,
Arabica,grounds for health admin,Nicaragua,santa rosa,
Arabica,doi tung development project,Thailand,doi tung development project,
Arabica,ipanema coffees,Brazil,fazenda capoeirnha,020/17
Arabica,consejo salvadore??o del caf??,El Salvador,santa josefita,1-198
Arabica,racafe & cia s.c.a,Colombia,,3-37-4468
Arabica,"lin, che-hao krude ?????????",Taiwan,shi fang yuan ?????????,2016 Tainan Coffee Cupping Event Micro Lot ???????????????????????????
Arabica,cqi taiwan icp cqi??????????????????,Ethiopia,-,none
Arabica,cqi taiwan icp cqi??????????????????,Taiwan,?????????????????????,
Arabica,renee a. perrine,Philippines,kalugmanan agri development corp.,
Arabica,zarah zamora perez,Philippines,"several, bukidnon, mindanao, philippines",
Arabica,productos y servicios chilindron s.a. de c.v.,Mexico,pinzoneno,
Arabica,andrew bowman,Mexico,fiech (mixed producers),
Arabica,expocaccer coop dos cafeic do cerrado ltda,Brazil,fazenda pantano,
Arabica,kawacom uganda ltd,Uganda,sipi organic coffee project,
Arabica,nyapea coffee farmers association,Uganda,nyapea coffee farmers,
Arabica,juan luis alvarado romero,Guatemala,finca medina,
Arabica,juan luis alvarado romero,Guatemala,finca medina,
Arabica,rob tuttle,Guatemala,,
Arabica,racafe & cia s.c.a,Colombia,,
Arabica,exportadora de cafe condor s.a,Colombia,,
Arabica,juan luis alvarado romero,Guatemala,finca los cerros y anexos,
Arabica,olam agro colombia,Colombia,,
Arabica,maria guadalupe gomez anzo,Mexico,el regalito,
Arabica,royal base corporation,Vietnam,"apollo co., ltd.",
Arabica,veronica lopez castillejos,Mexico,el jabali,
Arabica,kona pacific farmers cooperative,United States (Hawaii),,
Arabica,racafe & cia s.c.a,Colombia,,
Arabica,doi tung development project,Thailand,doi tung development project,
Arabica,jungle estate,Kenya,jungle estate,01NG011
Arabica,juan luis alvarado romero,Guatemala,piamonte,11/23/0513
Arabica,ipanema coffees,Brazil,capoeirinha,259/15
Arabica,consejo salvadore??o del caf??,El Salvador,el barbaro,1
Arabica,samuel muhirwa,Rwanda,gicumbi,102
Arabica,"sunvirtue co., ltd.",Vietnam,apollo estate,
Arabica,juan luis alvarado romero,Guatemala,el papaturro,
Arabica,cafebras,Brazil,santa f?? 2,
Arabica,essencecoffee,Colombia,,
Arabica,joshua marsceau,United States,"kampung keling, jumaraj, gurusinga, gongsol",
Arabica,juan luis alvarado romero,Guatemala,finca medina,
Arabica,"coffeebythebag.com , inc",Colombia,,
Arabica,racafe & cia s.c.a,Colombia,,
Arabica,edwin agasso,"Tanzania, United Republic Of",burka coffee estate,
Arabica,armando luis pohlenz martinez,Mexico,,
Arabica,alfredo bojalil,Mexico,santa rosa,
Arabica,juan luis alvarado romero,Guatemala,agropecuaria quiagral,
Arabica,alfredo bojalil,Mexico,finca nueva linda,
Arabica,the coffee source inc.,El Salvador,several farms,
Arabica,juan luis alvarado romero,Guatemala,providencia,11-43367-27
Arabica,juan luis alvarado romero,Guatemala,linda vista,11-973-276
Arabica,juan luis alvarado romero,Guatemala,las merceditas,11/23/0693
Arabica,juan luis alvarado romero,Guatemala,las delicias,11/23/0632
Arabica,juan luis alvarado romero,Guatemala,la esmeralda,11/23/0690
Arabica,sanjava coffee,Indonesia,various,sran toraja
Arabica,juan luis alvarado romero,Guatemala,la esmeralda,11/23/0369
Arabica,"lin, che-hao krude ?????????",Taiwan,???????????? (hoe vs. flower coffee farm),
Arabica,consejo salvadore??o del caf??,El Salvador,la monta??a,13
Arabica,"ceca, s.a.",Costa Rica,gamboa,8866-2
Arabica,bismarck castro,Honduras,los hicaques,103
Arabica,ipanema coffees,Brazil,capoeirinha,260/15
Arabica,yunnan coffee exchange,China,man ganna estate,YNC-16057
Arabica,yunnan coffee exchange,China,pu'er lingdu yunlin coffee co.ltd,YNC-16014
Arabica,racafe & cia s.c.a,Colombia,,
Arabica,afca,Malawi,msese,
Arabica,juan luis alvarado romero,Guatemala,el morito,
Arabica,coffee export,Colombia,,
Arabica,eileen koyanagi,United States (Hawaii),,
Arabica,eileen koyanagi,United States (Hawaii),,
Arabica,the coffee source inc.,Colombia,several,
Arabica,nestor mendez gomez,Mexico,san lorenzo,
Arabica,sergio de la vequia bernardi,Mexico,tlamatoca,
Arabica,romulo bello flores,Mexico,,
Arabica,,Colombia,supply chain ecom cca s.a.,
Arabica,racafe & cia s.c.a,Colombia,,
Arabica,kona pacific farmers cooperative,United States (Hawaii),,
Arabica,rachel peterson,Panama,hacienda la esmeralda,
Arabica,kona pacific farmers cooperative,United States (Hawaii),,
Arabica,ipanema coffees,Brazil,capoeirinha,019/17
Arabica,ipanema coffees,Brazil,capoeirinha,007/16D
Arabica,cqi taiwan icp cqi??????????????????,Laos,savan coffee bean,1
Arabica,consejo salvadore??o del caf??,El Salvador,el barbaro,1
Arabica,jos?? luis rojas yeo,Mexico,gabriel bernard rivas ross,53
Arabica,federacion nacional de cafeteros,Colombia,,
Arabica,ipanema coffees,Brazil,rio verde,
Arabica,bourbon specialty coffees,Brazil,santa maria,
Arabica,nitin coffee estate,"Tanzania, United Republic Of",nitin,
Arabica,taylor winch (t) ltd,"Tanzania, United Republic Of",ampcg,
Arabica,cqi taiwan icp cqi??????????????????,Taiwan,??????????????????,
Arabica,productos y servicios chilindron s.a. de c.v.,Mexico,los llanitos,
Arabica,kawacom uganda ltd,Uganda,bugisu shamba,
Arabica,cqi taiwan icp cqi??????????????????,Taiwan,zhuo wu shan coffee ?????????????????????,
Arabica,???????????? koju matsuzawa,Thailand,m10,
Arabica,exportadora de cafe condor s.a,Colombia,,
Arabica,adam kline,El Salvador,,
Arabica,juan luis alvarado romero,Guatemala,finca medina,
Arabica,doi tung development project,Thailand,doi tung development project,
Arabica,montegrande,Mexico,finca monte grande,
Arabica,grupo cafetalero los brujos spr de rl,Mexico,finca castillos,
Arabica,george a. fernandez,Colombia,la canada,
Arabica,kona pacific farmers cooperative,United States (Hawaii),,
Arabica,young kim,Mexico,kassandra,
Arabica,exportadora de cafe condor s.a,Colombia,,
Arabica,racafe & cia s.c.a,Colombia,,
Arabica,juan luis alvarado romero,Guatemala,la esmeralda,11/23/0634
Arabica,"lin, che-hao krude ?????????",Taiwan,???????????? lin yuan coffee,2017?????????????????? NANTOU COFFEE EVALUATION EVENT 2017
Arabica,gabriel barbara,Brazil,,GO-669-16
Arabica,cqi taiwan icp cqi??????????????????,Taiwan,???????????????????????????,1
Arabica,bourbon specialty coffees,Brazil,,43102245/P4615
Arabica,andry simarmata,Indonesia,small holders farmer,
Arabica,doi tung development project,Thailand,,
Arabica,???????????? koju matsuzawa,Thailand,,
Arabica,tembo coffee company ltd,"Tanzania, United Republic Of",lubanda amcos,
Arabica,kawacom uganda ltd,Uganda,mt.elgon sipi falls cheema,
Arabica,eric thormaehlen,Costa Rica,various,
Arabica,dane loraas,Mexico,,
Arabica,brent hall,Guatemala,,
Arabica,exportadora de cafe condor s.a,Colombia,various,
Arabica,exportadora de cafe condor s.a,Colombia,various,
Arabica,exportadora de cafe condor s.a,Colombia,,
Arabica,guillermo rojas saldana,Mexico,jamaica,
Arabica,organizaciones de productores de cafe colimense,Mexico,la timbuchera; el ocotito y la hortaliza,
Arabica,racafe & cia s.c.a,Colombia,,
Arabica,nucoffee,Brazil,fazenda chamusca,
Arabica,ipanema coffees,Brazil,fazenda capoeirnha,020/17
Arabica,sanjava coffee,Indonesia,various,2
Arabica,elsy reyes,Honduras,las cuchillas,165
Arabica,juan luis alvarado romero,Guatemala,la esperanza,11/23/0146
Arabica,doi tung development project,Thailand,,
Arabica,???????????? koju matsuzawa,Thailand,,
Arabica,shah plantations,"Tanzania, United Republic Of",shah plantation,
Arabica,amkeni gourmet coffee group,"Tanzania, United Republic Of",amkeni,
Arabica,lusso lab,Mexico,finca san el retiro,
Arabica,ipanema coffees,Brazil,fazenda rio verde,
Arabica,juan luis alvarado romero,Guatemala,la union monte verde,
Arabica,exportadora de cafe condor s.a,Colombia,,
Arabica,juan luis alvarado romero,Guatemala,la esperanza y anexos,
Arabica,saul m. hernandez ramirez,Mexico,la pagua,
Arabica,enrique mitre lopez,Mexico,caltuchoco,
Arabica,enrique eduardo lopez aguilar,Mexico,santa cruz - pante don manuel,
Arabica,juan luis alvarado romero,Guatemala,various,
Arabica,jacques pereira carneiro,Brazil,fazenda do sertao,
Arabica,racafe & cia s.c.a,Colombia,,
Arabica,kona pacific farmers cooperative,United States (Hawaii),,
Arabica,adam kline,Guatemala,,
Arabica,brian beck,Honduras,carrillo cooperativa,Zona: los imposibles
Arabica,juan luis alvarado romero,Guatemala,piamonte,11/23/0639
Arabica,juan luis alvarado romero,Guatemala,las merceditas,11/23/0366
Arabica,juan luis alvarado romero,Guatemala,la esmeralda,11/23/0400
Arabica,juan luis alvarado romero,Guatemala,providencia,11/43367/12
Arabica,racafe & cia s.c.a,Colombia,,3-37-4434
Arabica,yunnan coffee exchange,China,menglian gao sanlin coffee factory,YNC-16047
Arabica,bourbon specialty coffees,Brazil,,43102245 - P4615
Arabica,gladness obed pallangyo,"Tanzania, United Republic Of",nguruma,
Arabica,ipanema coffees,Brazil,rio verde,
Arabica,the coffee source inc.,Guatemala,several,
Arabica,productos y servicios chilindron s.a. de c.v.,Mexico,los llanitos,
Arabica,nucoffee,Brazil,fazenda serra negra,
Arabica,dane loraas,Peru,,
Arabica,ipanema coffees,Brazil,fazenda rio verde,
Arabica,manuel herrera juarez,Mexico,finca los barreales,
Arabica,brent hall,Honduras,,
Arabica,racafe & cia s.c.a,Colombia,,
Arabica,nestor mendez gomez,Mexico,cipresal,
Arabica,jesus salazar velasco,Mexico,pante san pedro,
Arabica,"el equimite, cafetal biodin??mico",Mexico,"cafetal el equimite, rancho agroecol??gico",
Arabica,manuel herrera juarez,Mexico,los barreales 1112lbcat_s110312,
Arabica,dario cesar galeana sanchez,Mexico,corral del diablo lote 1,
Arabica,jose daniel cobilt castro,Mexico,ca??ada fria,
Arabica,alvaro quiros perez,Mexico,finca nextlalpa,
Arabica,olivia hernandez virves,Mexico,santa rosa,
Arabica,finca las nieves,Mexico,fln mirador,
Arabica,carcafe ltda ci,Colombia,,
Arabica,nucoffee,Brazil,santa mariana,
Arabica,exportadora de cafe condor s.a,Colombia,,
Arabica,exportadora de cafe condor s.a,Colombia,,
Arabica,bismarck castro,Honduras,los hicaques,63
Arabica,pedro santos e silva,Brazil,fazenda s??o pedro,0063/17
Arabica,gabriel barbara,Brazil,,2016/0001
Arabica,ipanema coffees,Brazil,capoeirinha,008/16B
Arabica,"ceca, s.a.",Costa Rica,gamboa,8270
Arabica,rodrigo soto,Costa Rica,rio jorco,Tarrazu
Arabica,yunnan coffee exchange,China,yun lan coffee co. ltd,YNC-16053
Arabica,ipanema coffees,Brazil,rio verde,
Arabica,bourbon specialty coffees,Brazil,,
Arabica,juan luis alvarado romero,Guatemala,finca loma linda y anexo,
Arabica,afca,Malawi,utchisi mountain,
Arabica,ipanema coffees,Brazil,rio verde,
Arabica,juan luis alvarado romero,Guatemala,el morito,
Arabica,dane loraas,Mexico,,
Arabica,the coffee source inc.,Colombia,several,
Arabica,cqi taiwan icp cqi??????????????????,Taiwan,guo cun nong yuan ????????????,
Arabica,cqi taiwan icp cqi??????????????????,Taiwan,yu jin gui ???????????????,
Arabica,juan luis alvarado romero,Guatemala,el morito,
Arabica,exportadora de cafe condor s.a,Colombia,,
Arabica,alfredo bojalil,Mexico,santa teresa,
Arabica,michael gavina,Costa Rica,,
Arabica,juan luis alvarado romero,Guatemala,finca el morito,
Arabica,saul m. hernandez ramirez,Mexico,tepemalacax,
Arabica,manuel herrera juarez,Mexico,finca los barreales 1112lbga7250412,
Arabica,juan luis alvarado romero,Guatemala,agropecuaria quiagral,
Arabica,nucoffee,Brazil,sit??o santa luzia,
Arabica,maria luisa del carmen rojas narvaez,Mexico,cafetal santa maria,
Arabica,nucoffee,Brazil,caf?? citrus,
Arabica,carcafe ltda ci,Colombia,,
Arabica,klem organics,Brazil,fazendas klem ltda,KLEM-C04
Arabica,cqi taiwan icp cqi??????????????????,Taiwan,????????????        ,1
Arabica,juan luis alvarado romero,Guatemala,linda vista,11/973/158
Arabica,ipanema coffees,Brazil,rio verde,
Arabica,consejo salvadore??o del caf??,El Salvador,zapato de mico,
Arabica,cadexsa,Honduras,bethel,
Arabica,afca,Malawi,kachere,
Arabica,ipanema coffees,Brazil,rio verde,
Arabica,cqi taiwan icp cqi??????????????????,Taiwan,guo xing ka fei wang ???????????????????????????,
Arabica,jesus carlos cardenas valdivia,Mexico,finca huehuetecpan,
Arabica,kona pacific farmers cooperative,United States (Hawaii),,
Arabica,saul m. hernandez ramirez,Mexico,omicuatla,
Arabica,juan luis alvarado romero,Guatemala,finca medina,
Arabica,manuel herrera juarez,Mexico,los barreales 1112lbgr7230412,
Arabica,guillermo rojas saldana,Mexico,jamaica,
Arabica,adam kline,El Salvador,,
Arabica,sergio de la vequia bernardi,Mexico,chilcuatla,
Arabica,organizaciones de productores de cafe colimense,Mexico,comunidad de canoas,
Arabica,exportadora de cafe condor s.a,Colombia,,
Arabica,racafe & cia s.c.a,Colombia,,
Arabica,nucoffee,Brazil,caxambu,
Arabica,racafe & cia s.c.a,Colombia,,
Arabica,ipanema coffees,Brazil,fazenda capoeirnha,007/16C
Arabica,bismarck castro,Honduras,las cuchillas,118
Arabica,"bencafe, s. a.",Nicaragua,el brigadum - la coronela,017/105/16042
Arabica,langiro farm group,"Tanzania, United Republic Of",langiro farm group,
Arabica,ibero coffee trading co (t) ltd,"Tanzania, United Republic Of",,
Arabica,ipanema coffees,Brazil,rio verde,
Arabica,doi tung development project,Thailand,,
Arabica,cadexsa,Honduras,bethel,
Arabica,essencecoffee,Guatemala,blue lake,
Arabica,bourbon specialty coffees,Brazil,,
Arabica,tembo coffee company ltd,"Tanzania, United Republic Of",ilomba 2,
Arabica,j.andrade,Mexico,el pino,
Arabica,lusso lab,Mexico,,
Arabica,cqi taiwan icp cqi??????????????????,Taiwan,song yue coffee ????????????,
Arabica,"lin, che-hao krude ?????????",Taiwan,kan tou mountain coffee ??????????????????,
Arabica,exportadora de cafe condor s.a,Colombia,,
Arabica,saul m. hernandez ramirez,Mexico,el nanchi,
Arabica,the coffee source inc.,Guatemala,,
Arabica,salvador caro carrion,Mexico,las truchas,
Arabica,organizaciones de productores de cafe colimense,Mexico,"la calera, barranca de la leona, el nogal",
Arabica,exportadora de cafe condor s.a,Colombia,,
Arabica,sanjava coffee,Indonesia,various,SRAN-Gayo
Arabica,ra??l vargas,Colombia,,2
Arabica,ipanema coffees,Brazil,fazenda capoeirnha,007/16B
Arabica,ipanema coffees,Brazil,rio verde,
Arabica,"cafetalera internacional cafinter, s.a.",Costa Rica,el patalillo,
Arabica,balam hinyula,"Tanzania, United Republic Of",ampcg,
Arabica,ngorogoro convenant estate,"Tanzania, United Republic Of",ngorogoro convenant estate,
Arabica,cafe politico,Colombia,,
Arabica,"ceca, s.a.",Costa Rica,cafetalera aquiares,
Arabica,kona pacific farmers cooperative,United States (Hawaii),,
Arabica,"el equimite, cafetal biodin??mico",Mexico,"cafetal el equimite, rancho agroecol??gico",
Arabica,julio perez hernandez,Mexico,,
Arabica,rosa aurora falcon fernandez,Mexico,bola de oro,
Arabica,royal base corporation,Vietnam,"apollo co., ltd.",
Arabica,sergio de la vequia bernardi,Mexico,tomatlancillo,
Arabica,kona pacific farmers cooperative,United States (Hawaii),,
Arabica,carcafe ltda ci,Colombia,,
Arabica,bismarck castro,Honduras,las moras,47
Arabica,bismarck castro,Honduras,las moras,47
Arabica,ipanema coffees,Brazil,capoeirinha,007/16G
Arabica,didas,"Tanzania, United Republic Of",family farm,
Arabica,minwook ku,Laos,club green,
Arabica,finca estate,"Tanzania, United Republic Of",finca estate,
Arabica,afca,Malawi,chikali,
Arabica,"lin, che-hao krude ?????????",Taiwan,"you siang coffee farmtainan, taiwan ????????????????????????",
Arabica,doi tung development project,Thailand,,
Arabica,eric thormaehlen,Costa Rica,various,
Arabica,beneficio santa rosa,Honduras,bsr,
Arabica,racafe & cia s.c.a,Colombia,,
Arabica,"lin, che-hao krude ?????????",Taiwan,gao chun fang ?????????,
Arabica,owen carver,Brazil,caf?? do para??so,
Arabica,jorge octavio escamilla prado,Mexico,la ceiba,
Arabica,nucoffee,Brazil,campo das flores,
Arabica,nucoffee,Brazil,s??o jos?? da lagoa,
Arabica,juan luis alvarado romero,Guatemala,el faro,
Arabica,nucoffee,Brazil,santa mariana/s??o vicente,
Arabica,felipe isaza,Guatemala,conquista / morito,
Arabica,racafe & cia s.c.a,Colombia,,
Arabica,juan luis alvarado romero,Guatemala,la esperanza,11/23/0633
Arabica,juan luis alvarado romero,Guatemala,las delicias,11/23/0515
Arabica,bismarck castro,Honduras,los hicaques,63
Arabica,gabriel barbara,Brazil,santa b??rbara,2016/0002
Arabica,consejo salvadore??o del caf??,El Salvador,la esperanza,
Arabica,juan luis alvarado romero,Guatemala,las cebollas y anexos,
Arabica,mcomafa co ltd,"Tanzania, United Republic Of",mcomafa farm no1155gr,
Arabica,chris finch,Nicaragua,,
Arabica,lusso lab,Zambia,mubuyu munali,
Arabica,rob tuttle,Honduras,,
Arabica,cqi taiwan icp cqi??????????????????,Taiwan,dragon coffee ?????????,
Arabica,calixto guillen vazquez,Mexico,various,
Arabica,saul m. hernandez ramirez,Mexico,platanal,
Arabica,saul m. hernandez ramirez,Mexico,texpanco,
Arabica,juan hermilio sampieri carcamo,Mexico,la laja,
Arabica,modesto landeros flores,Mexico,mata larga,
Arabica,nucoffee,Brazil,sit??o corrego da olaria/s??o caetano,
Arabica,exportadora de cafe condor s.a,Colombia,,
Arabica,juan luis alvarado romero,Guatemala,la esmeralda,11/23/0634
Arabica,troy quimby,Costa Rica,estate la patricia,LP-C211-182
Arabica,gabriel barbara,Brazil,helena,2017/001
Arabica,aulia arif syahri,Indonesia,mudar,BALI INTEN DEWATA
Arabica,juan luis alvarado romero,Guatemala,chapultepec,11/23/0507
Arabica,ipanema coffees,Brazil,rio verde,
Arabica,ipanema coffees,Brazil,rio verde,
Arabica,u mg mg,Myanmar,wat-ka-bu,
Arabica,viridiana,Mexico,rancho bonito,
Arabica,cadexsa,Honduras,cerro bueno,
Arabica,"cafetalera internacional cafinter, s.a.",Costa Rica,el patalillo,
Arabica,"lin, che-hao krude ?????????",Taiwan,gao chun fang ?????????,
Arabica,essencecoffee,Indonesia,dozen small farmer,
Arabica,afca,Malawi,kakoma,
Arabica,ipanema coffees,Brazil,rio verde,
Arabica,,Honduras,gran manzana y el aguacate,
Arabica,kurt kappeli,Mexico,various,
Arabica,racafe & cia s.c.a,Colombia,,
Arabica,kona pacific farmers cooperative,United States (Hawaii),,
Arabica,jacques pereira carneiro,Brazil,sertao farm,
Arabica,juan luis alvarado romero,Guatemala,el sacramento,
Arabica,christina dusing,Mexico,finca muxbal,
Arabica,jorge francisco martinez hachity,Mexico,el deseo,
Arabica,nucoffee,Brazil,cianorte,
Arabica,exportadora de cafe condor s.a,Colombia,,
Arabica,kona pacific farmers cooperative,United States (Hawaii),kona pacific farmers cooperative,
Arabica,juan luis alvarado romero,Guatemala,las merceditas,11/23/0514
Arabica,"sunvirtue co., ltd.",Vietnam,apollo estate,
Arabica,ngorogoro convenant estate,"Tanzania, United Republic Of",ngorogoro convenant estate,
Arabica,cafe politico,Brazil,,
Arabica,saul m. hernandez ramirez,Mexico,los magueyes,
Arabica,sergio landa alarcon,Mexico,finca tepictla,
Arabica,diego manuel woolrich ramirez,Mexico,"arroyo triste, arroyo triste, san jose vista hermosa",
Arabica,armando luis pohlenz martinez,Mexico,,
Arabica,enrique eduardo lopez aguilar,Mexico,santa cruz - pante do??a graciela,
Arabica,exportadora de cafe condor s.a,Colombia,,
Arabica,racafe & cia s.c.a,Colombia,,
Arabica,ipanema coffees,Brazil,fazenda capoeirnha,019/17
Arabica,juan luis alvarado romero,Guatemala,las merceditas,11/23/0640
Arabica,juan luis alvarado romero,Guatemala,la esmeralda,11/23/0701
Arabica,cadexsa,Honduras,bethel,340
Arabica,taylor winch (coffee) ltd.,"Tanzania, United Republic Of",ngima,4783
Arabica,"comercial internacional exportadora, s.a.",Nicaragua,santa matilde,345725 / K1620088
Arabica,racafe & cia s.c.a,Colombia,,3-37-1367
Arabica,ipanema coffees,Brazil,rio verde,
Arabica,dae ltd company,"Tanzania, United Republic Of",multiple,
Arabica,tembo coffee company ltd,"Tanzania, United Republic Of",ilomba 1,
Arabica,ipanema coffees,Brazil,rio verde,
Arabica,chris finch,Indonesia,,
Arabica,,Honduras,gran manzana y el aguacate,
Arabica,"ceca, s.a.",Costa Rica,gamboa,
Arabica,dane loraas,Mexico,,
Arabica,cqi taiwan icp cqi??????????????????,Taiwan,mu he zi coffee ??????????????????,
Arabica,cqi taiwan icp cqi??????????????????,Taiwan,guo xin ka fei ????????????,
Arabica,fredy gordillo reyes,Mexico,union ramal santa cruz,
Arabica,juan luis alvarado romero,Guatemala,finca el morito,
Arabica,virginia gordillo gordillo,Mexico,finca cafetalera la suiza,
Arabica,jose luis munoz guerrero,Mexico,,
Arabica,christina dusing,Mexico,ucipa santa catarina,
Arabica,alfredo bojalil,Mexico,finca nueva linda,
Arabica,miguel cortes moreno,Mexico,sac??n palma,
Arabica,kona pacific farmers cooperative,United States (Hawaii),,
Arabica,mdh,Honduras,various,174.18
Arabica,juan luis alvarado romero,Guatemala,la esperanza,11/23/0368
Arabica,"lin, che-hao krude ?????????",Taiwan,baishengcun coffee ?????????????????????,2016 Washed
Arabica,"ceca, s.a.",Costa Rica,cafetalera aquiares,
Arabica,acacia hills ltd,"Tanzania, United Republic Of",acacia hills,
Arabica,afca,Malawi,kavuzi,
Arabica,"lin, che-hao krude ?????????",Taiwan,jacob's estate ????????????,
Arabica,ipanema coffees,Brazil,rio verde,
Arabica,juan luis alvarado romero,Guatemala,el morito,
Arabica,fredy gordillo reyes,Mexico,union ramal santa cruz,
Arabica,enrique eduardo lopez aguilar,Mexico,las nubes - pante don jaime,
Arabica,enrique eduardo lopez aguilar,Mexico,santa cruz - pante don jaime,
Arabica,doi chaang coffee company,Thailand,"doi chaang coffee original co.,ltd",
Arabica,doi tung development project,Thailand,doi tung development project,
Arabica,benjamin schmerler,Costa Rica,,
Arabica,juan luis alvarado romero,Guatemala,las delicias,11/23/0688
Arabica,"exportadora atlantic, s.a.",Nicaragua,finca las mar??as,017-053-0211 / 017-053-0212
Arabica,elsy reyes,Honduras,las cuchillas,98
Arabica,juan luis alvarado romero,Guatemala,las delicias,11/23/0367
Arabica,cqi taiwan icp cqi??????????????????,Taiwan,??????????????????,
Arabica,genius coffee,Myanmar,mixed,
Arabica,santa laura exportadora de cafe s.l.e.c. s.a.,Costa Rica,several,
Arabica,afca,Malawi,chinongo,
Arabica,juan luis alvarado romero,Guatemala,various,
Arabica,"lin, che-hao krude ?????????",Taiwan,good mood coffee ????????????        ,
Arabica,jacques pereira carneiro,Brazil,pereira estate coffee,
Arabica,myriam kaplan-pasternak,Haiti,mixed,
Arabica,cqi taiwan icp cqi??????????????????,Taiwan,xu yuan zhang ?????????,
Arabica,alfredo bojalil,Mexico,nueva linda,
Arabica,alfredo bojalil,Mexico,productor independiente guadalupe victoria,
Arabica,jose luis munoz guerrero,Mexico,santa maria temaxcalapa,
Arabica,jose luis munoz guerrero,Mexico,canoa manzanillo,
Arabica,tomas edelmann blass,Mexico,hamburgo 7 arroyos,
Arabica,maria de la paz aguilar guillen,Mexico,el romance azul,
Arabica,specialty coffee association of indonesia,Indonesia,"ijen highland, east java",
Arabica,jacques pereira carneiro,Brazil,sertao,
Arabica,juan luis alvarado romero,Guatemala,chiquimulja / alpha cafe / senfro,
Arabica,racafe & cia s.c.a,Colombia,,
Arabica,kona pacific farmers cooperative,United States (Hawaii),,
Arabica,cafes tomari sa de cv,Mexico,cafetal,016-1273-098
Arabica,juan luis alvarado romero,Guatemala,nueva granada,11/326/14
Arabica,cafebras,Brazil,fazenda rio brilhante,
Arabica,cadexsa,Honduras,cerro bueno,
Arabica,cqi taiwan icp cqi??????????????????,Taiwan,????????????????????????,
Arabica,afca,Malawi,chimpumba,
Arabica,ipanema coffees,Brazil,rio verde,
Arabica,juan luis alvarado romero,Guatemala,santo tomas pachuj,
Arabica,kurt kappeli,Mexico,various,
Arabica,dane loraas,Peru,,
Arabica,juan luis alvarado romero,Guatemala,la union monte verde,
Arabica,saul m. hernandez ramirez,Mexico,palantla,
Arabica,grupo cafetalero los brujos spr de rl,Mexico,los brujos,
Arabica,exportadora de cafe condor s.a,Colombia,,
Arabica,exportadora de cafe condor s.a,Colombia,,
Arabica,kona pacific farmers cooperative,United States (Hawaii),kona pacific farmers cooperative,
Arabica,racafe & cia s.c.a,Colombia,,3-37-0059
Arabica,bismarck castro,Honduras,las cuchillas,149
Arabica,angel oscar medina rodriguez,Mexico,,1
Arabica,cafebras,Brazil,fazenda sacramento,
Arabica,cadexsa,Honduras,bethel,
Arabica,jacques pereira carneiro,Brazil,sertao farm,
Arabica,victoria,Philippines,bacofa,
Arabica,afca,Malawi,usingini farm,
Arabica,mayra yessenia torres,Honduras,el cerron,
Arabica,julio perez hernandez,Mexico,,
Arabica,hector gabriel barreda nader,Mexico,cruz verde,
Arabica,klem organics,Brazil,fazendas klem ltda,KLEM-C08        
Arabica,"lin, che-hao krude ?????????",Taiwan,jing jing caf?? ???????????????????????????,2016NA Lot001
Arabica,ipanema coffees,Brazil,rio verde,
Arabica,"comercial internacional exportadora, s.a.",Nicaragua,cafetales santa matilde,
Arabica,cadexsa,Honduras,cerro bueno,
Arabica,essencecoffee,Guatemala,el injerto s.a.,
Arabica,shangrilla estate ltd,"Tanzania, United Republic Of",shangrilla estate,
Arabica,cqi taiwan icp cqi??????????????????,Taiwan,jia jia coffee ???????????????,
Arabica,juan luis alvarado romero,Guatemala,finca medina,
Arabica,alfredo bojalil,Mexico,finca chanjul,
Arabica,"exportadora atlantic, s.a.",Nicaragua,las promesas de san blass,017-053-0134
Arabica,immaculata john,"Tanzania, United Republic Of",mviwambi coffee farmers,
Arabica,andreas kussmaul,Mexico,exportadora caf?? california,
Arabica,"cafetalera internacional cafinter, s.a.",Costa Rica,el patalillo,
Arabica,,Honduras,los hicaques,
Arabica,???????????? koju matsuzawa,Thailand,,
Arabica,victoria,Philippines,"irisan, baguio",
Arabica,taylor winch (t) ltd,"Tanzania, United Republic Of",ampcg,
Arabica,afca,Malawi,makoka valley estate,
Arabica,eric thormaehlen,Costa Rica,various,
Arabica,bourbon specialty coffees,Brazil,juliana,
Arabica,julio perez hernandez,Mexico,,
Arabica,the coffee source inc.,Guatemala,finca quequesquez,
Arabica,nucoffee,Brazil,fazenda s??o sebasti??o,
Arabica,kona pacific farmers cooperative,United States (Hawaii),,
Arabica,kerchanshe,Ethiopia,,1
Arabica,gregorio sebba,Brazil,fazenda s??o jos?? mirante,14
Arabica,rolando lacayo,Nicaragua,cafetales santa matilde,
Arabica,wali ali,United States,,
Arabica,taylor winch (t) ltd,"Tanzania, United Republic Of",mwalyego amcos,
Arabica,the coffee source inc.,Costa Rica,santa laura,
Arabica,german negron,United States (Puerto Rico),hacienda caracolillo,
Arabica,obed rendon ponce,Mexico,"san fernando, chiapas",
Arabica,diego manuel woolrich ramirez,Mexico,cafetal sinai,
Arabica,gerardo hernandez valderrabano,Mexico,,
Arabica,balbino ramirez flores,Mexico,el desmoronado,
Arabica,kona pacific farmers cooperative,United States (Hawaii),,
Arabica,bourbon specialty coffees,Brazil,cachoeira da grama farm,43104350 - K25247
Arabica,consejo salvadore??o del caf??,El Salvador,santa josefita,1-198
